<?xml version="1.0" encoding="UTF-8"?>
<project-private xmlns="http://www.netbeans.org/ns/project-private/1">
    <editor-bookmarks xmlns="http://www.netbeans.org/ns/editor-bookmarks/2" lastBookmarkId="0"/>
    <open-files xmlns="http://www.netbeans.org/ns/projectui-open-files/2">
        <group>
            <file>file:/C:/Users/Raj/Documents/NetBeansProjects/Cab%20Booking%20Management/src/Cab_Booking/Signup.java</file>
            <file>file:/C:/Users/Raj/Documents/NetBeansProjects/Cab%20Booking%20Management/src/Cab_Booking/View_Customer.java</file>
            <file>file:/C:/Users/Raj/Documents/NetBeansProjects/Cab%20Booking%20Management/src/Cab_Booking/Delete_Customer.java</file>
            <file>file:/C:/Users/Raj/Documents/NetBeansProjects/Cab%20Booking%20Management/src/Cab_Booking/Login.java</file>
            <file>file:/C:/Users/Raj/Documents/NetBeansProjects/Cab%20Booking%20Management/src/Cab_Booking/Home_Page.java</file>
            <file>file:/C:/Users/Raj/Documents/NetBeansProjects/Cab%20Booking%20Management/src/Cab_Booking/Book_Intracity_Cab.java</file>
            <file>file:/C:/Users/Raj/Documents/NetBeansProjects/Cab%20Booking%20Management/src/Cab_Booking/Update_Customer.java</file>
            <file>file:/C:/Users/Raj/Documents/NetBeansProjects/Cab%20Booking%20Management/src/Cab_Booking/icons/images.png</file>
            <file>file:/C:/Users/Raj/Documents/NetBeansProjects/Cab%20Booking%20Management/src/Cab_Booking/Add_Transport_Driver.java</file>
            <file>file:/C:/Users/Raj/Documents/NetBeansProjects/Cab%20Booking%20Management/src/Cab_Booking/AdminSection.java</file>
            <file>file:/C:/Users/Raj/Documents/NetBeansProjects/Cab%20Booking%20Management/src/Cab_Booking/Add_InterCity_Driver.java</file>
            <file>file:/C:/Users/Raj/Documents/NetBeansProjects/Cab%20Booking%20Management/src/Cab_Booking/Add_IntraCity_Driver.java</file>
            <file>file:/C:/Users/Raj/Documents/NetBeansProjects/Cab%20Booking%20Management/src/Cab_Booking/icons/home%20page.jpg</file>
            <file>file:/C:/Users/Raj/Documents/NetBeansProjects/Cab%20Booking%20Management/src/Cab_Booking/Book_Intercity_Cab.java</file>
            <file>file:/C:/Users/Raj/Documents/NetBeansProjects/Cab%20Booking%20Management/src/Cab_Booking/Add_Customer.java</file>
            <file>file:/C:/Users/Raj/Documents/NetBeansProjects/Cab%20Booking%20Management/src/Cab_Booking/ConnectionClass.java</file>
            <file>file:/C:/Users/Raj/Documents/NetBeansProjects/Cab%20Booking%20Management/src/Cab_Booking/View_Booked_Package.java</file>
            <file>file:/C:/Users/Raj/Documents/NetBeansProjects/Cab%20Booking%20Management/src/Cab_Booking/icons/Truck.png</file>
            <file>file:/C:/Users/Raj/Documents/NetBeansProjects/Cab%20Booking%20Management/src/Cab_Booking/icons/background.png</file>
            <file>file:/C:/Users/Raj/Documents/NetBeansProjects/Cab%20Booking%20Management/src/Cab_Booking/Book_Package.java</file>
            <file>file:/C:/Users/Raj/Documents/NetBeansProjects/Cab%20Booking%20Management/src/Cab_Booking/icons/login.png</file>
            <file>file:/C:/Users/Raj/Documents/NetBeansProjects/Cab%20Booking%20Management/src/Cab_Booking/icons/booking.png</file>
        </group>
    </open-files>
</project-private>
